10_freq,10_peak,note_played
"[11, 5, 1031, 17, 9, 30, 7, 2, 22, 234]","[1.0, 0.739585415366762, 0.33601321438238735, 0.23873535427327017, 0.15782034588165933, 0.13533371445515935, 0.12640303225032942, 0.12098105771411238, 0.09950534237713922, 0.0823111824408288]",B7
"[1029, 2061, 2061, 3, 13, 5, 8, 21, 10, 119]","[1.0, 0.6934379504484024, 0.6934379504484024, 0.528982599255453, 0.3654151983010561, 0.2737481061056496, 0.10968568115609513, 0.09655592193774364, 0.08884203020811036, 0.06577327199190819]",B7
"[2060, 2060, 1030, 2335, 2335, 9, 5, 16, 2, 52]","[1.0, 1.0, 0.5170860848857676, 0.4094289328742473, 0.4094289328742473, 0.26157077559355246, 0.15085924417492957, 0.08293783630274992, 0.06833140339551322, 0.04957142869858251]",B7
"[2061, 2061, 11, 7, 3, 18, 5, 27, 1135, 232]","[1.0, 1.0, 0.34611604985625555, 0.12880066366927936, 0.12424100571090615, 0.11311761852934682, 0.10095397766057264, 0.07457019231471446, 0.04639979715096346, 0.034351175684083184]",B7
"[1031, 2061, 2061, 13, 8, 1, 4, 18, 232, 21]","[1.0, 0.21517262932793604, 0.21517262932793604, 0.08961855057261671, 0.03581474232109347, 0.02850321168178814, 0.024742381691932103, 0.0212890532696457, 0.01896924786236137, 0.01381968472650009]",B7
"[1031, 2062, 2062, 12, 6, 4, 8, 15, 116, 20]","[1.0, 0.08177188160404025, 0.08177188160404025, 0.06425511943450046, 0.031350158886436205, 0.025865690295511872, 0.01847795310442024, 0.017346350729341403, 0.01086268739078318, 0.009068761123951519]",B7
"[1031, 2061, 2061, 31, 12, 4, 7, 17, 9, 25]","[1.0, 0.1054127531925949, 0.1054127531925949, 0.05422726812121888, 0.051043911954484926, 0.029967267935631887, 0.024479566626143104, 0.013993337817997307, 0.011143273529645066, 0.0075327755613182655]",B7
"[1031, 2060, 2060, 13, 2, 11, 19, 2156, 2156, 7]","[1.0, 0.17347437140030952, 0.17347437140030952, 0.10091164504858087, 0.07204478024936582, 0.061492676973148905, 0.042137396496434214, 0.03416739931835224, 0.03416739931835224, 0.025996660688787313]",B7
"[2060, 2060, 2278, 2278, 15, 1031, 2, 12, 5, 10]","[1.0, 1.0, 0.33052921616316555, 0.33052921616316555, 0.18371834427993933, 0.17396952645045663, 0.13003497018628574, 0.07210568626354869, 0.07015023223738688, 0.03661148079720888]",B7
"[1030, 2060, 2060, 2485, 2485, 12, 20, 14, 7, 2]","[1.0, 0.3653690794662053, 0.3653690794662053, 0.20220489658631285, 0.20220489658631285, 0.18016682399155895, 0.049012925199351604, 0.047055373965579884, 0.04287095922554009, 0.03174244566610774]",B7
"[1030, 2061, 2061, 1329, 13, 6, 8, 1, 20, 30]","[1.0, 0.2534190569607885, 0.2534190569607885, 0.09721620945343716, 0.0660896828026152, 0.061107604069209676, 0.02894207865422537, 0.017002878864368427, 0.01475058152604827, 0.007229306424221738]",B7
"[1030, 2061, 2061, 1369, 5, 12, 19, 9, 28, 7]","[1.0, 0.3757366926974479, 0.3757366926974479, 0.09984816473945012, 0.05159107501738752, 0.024091211282510315, 0.013155500182127237, 0.00655902259412337, 0.006068940377324283, 0.004845247523748089]",B7
"[1030, 2061, 2061, 1375, 15, 3, 7, 11, 19, 5]","[1.0, 0.254508141505407, 0.254508141505407, 0.08237587111585455, 0.03563704014316054, 0.02554622720609848, 0.018295106008263163, 0.014478396217693193, 0.010547517564567932, 0.008303561835463952]",B7
"[1030, 2064, 2064, 1382, 7, 14, 4, 11, 9, 26]","[1.0, 0.10694511548432967, 0.10694511548432967, 0.07814626114067377, 0.04160673368291525, 0.04041568356854837, 0.0196736283648988, 0.01287742628517809, 0.008161671417767106, 0.004964226235292873]",B7
"[1030, 2058, 2058, 2095, 2095, 4, 8, 15, 26, 11]","[1.0, 0.05865007605996833, 0.05865007605996833, 0.043035634081533526, 0.043035634081533526, 0.0392285540737574, 0.020983026859796246, 0.010927395569705255, 0.007749412826078273, 0.006327258394430586]",B7
"[1030, 2059, 2059, 6, 15, 20, 10, 2, 154, 13]","[1.0, 0.05610864833745583, 0.05610864833745583, 0.023933754309844686, 0.013052270248571246, 0.0111435099762025, 0.007596087798906219, 0.006683727267673596, 0.005242805153929342, 0.00511594769262639]",B7
"[1030, 2060, 2060, 2595, 2595, 10, 14, 19, 16, 5]","[1.0, 0.08594405038519812, 0.08594405038519812, 0.02869411135459544, 0.02869411135459544, 0.028482323202254238, 0.019581212295707653, 0.01259911337782119, 0.011345964971503924, 0.009871755710732632]",B7
"[1030, 2060, 2060, 9, 2715, 2715, 14, 18, 7, 16]","[1.0, 0.09407264222667806, 0.09407264222667806, 0.027462624640221155, 0.020454888198292883, 0.020454888198292883, 0.017343820026458463, 0.01579108455292469, 0.014396104383783782, 0.010351700891770087]",B7
"[1030, 2061, 2061, 4, 15, 7, 26, 18, 189, 21]","[1.0, 0.0999238418289129, 0.0999238418289129, 0.04062804886247205, 0.026007881455278187, 0.025833947934575868, 0.015935929115362735, 0.011254308109707208, 0.00938536670523025, 0.008140496897127899]",B7
"[1030, 4, 2060, 2060, 13, 7, 26, 16, 18, 1437]","[1.0, 0.13181672608008868, 0.12162238930501773, 0.12162238930501773, 0.059707476935200864, 0.05467851977346998, 0.024608237223628118, 0.018175312646239814, 0.013217257701322654, 0.013005881894243775]",B7
"[1030, 2060, 2060, 12, 6, 9, 16, 20, 185, 2107]","[1.0, 0.45637629899031734, 0.45637629899031734, 0.154436963139503, 0.09117677559833319, 0.06036880933819487, 0.05040645178915897, 0.035269472291933335, 0.02512639190915461, 0.02152033706325742]",B7
"[2060, 2060, 3, 13, 6, 2675, 2675, 8, 19, 211]","[1.0, 1.0, 0.23961084185495862, 0.22206817834393142, 0.1512826853643242, 0.14547153448876665, 0.14547153448876665, 0.061068005340584874, 0.04191999917148997, 0.031080224614602574]",B7
"[2060, 2060, 4, 1031, 2276, 2276, 16, 26, 1, 21]","[1.0, 1.0, 0.17900484911316655, 0.08066402808564568, 0.07064478658178838, 0.07064478658178838, 0.04742799360300697, 0.016029192207822424, 0.013419447625070026, 0.010696697020961909]",B7
"[2060, 2060, 1031, 4, 7, 16, 2147, 2147, 12, 124]","[1.0, 1.0, 0.10747927749009123, 0.09027381768955091, 0.04549341730449604, 0.029776519374991026, 0.026014005485769903, 0.026014005485769903, 0.021605267073139207, 0.009234967665326027]",B7
"[1031, 4, 12, 16, 2060, 2060, 2116, 2116, 192, 20]","[1.0, 0.06366144549441567, 0.023509786699114014, 0.016061823639170365, 0.011644606991556394, 0.011644606991556394, 0.010191287307485676, 0.010191287307485676, 0.010156715227547767, 0.00803096662766182]",B7
"[1031, 2061, 2061, 13, 3, 6, 26, 15, 30, 65]","[1.0, 0.09049593853912218, 0.09049593853912218, 0.05129914775669953, 0.04700280329187758, 0.01801670233303318, 0.017495515974128305, 0.006707133875865762, 0.005917662506282508, 0.005810095128305834]",B7
"[1031, 2061, 2061, 4, 16, 12, 26, 10, 21, 19]","[1.0, 0.18634425395845225, 0.18634425395845225, 0.09294097036991633, 0.036645102281355986, 0.02445296860274444, 0.014195507027257526, 0.00944669522096399, 0.005775709187604824, 0.005602408923914196]",B7
"[1031, 2061, 2061, 7, 17, 11, 26, 13, 1, 4]","[1.0, 0.19133399746915364, 0.19133399746915364, 0.025940130816537756, 0.019292391785914347, 0.015649242980846557, 0.014156185971224144, 0.010125163125821363, 0.008780226803873562, 0.007791815898981626]",B7
"[2059, 2059, 1029, 13, 2490, 2490, 9, 3, 19, 26]","[1.0, 1.0, 0.4283464950800441, 0.17963649970486195, 0.1771474866930174, 0.1771474866930174, 0.13486019290341697, 0.07164484925345885, 0.060672743531978504, 0.033479013385195204]",B7
"[2060, 2060, 1029, 7, 2344, 2344, 15, 11, 1, 36]","[1.0, 1.0, 0.6012437860183254, 0.0973889621776638, 0.058529930644807375, 0.058529930644807375, 0.04653415996547673, 0.03764693063033743, 0.027789076586178255, 0.02010432389068791]",B7
"[6, 3, 1029, 12, 9, 24, 2061, 2061, 21, 115]","[1.0, 0.5494226774073122, 0.5360901732212044, 0.3821371052611223, 0.16073292407929035, 0.1454636249312493, 0.13129273890940948, 0.13129273890940948, 0.1150474038803276, 0.1069589946664528]",B7
"[6, 1031, 13, 19, 1, 11, 26, 35, 70, 43]","[1.0, 0.4260448826178568, 0.28327244004570695, 0.22354323501620893, 0.19216537445131077, 0.13284915259498162, 0.12011704919417301, 0.08273593299187856, 0.06812761080797808, 0.059422909927981944]",B7
"[6, 3, 26, 12, 15, 1030, 20, 38, 32, 18]","[1.0, 0.6354825875026395, 0.5619436624260107, 0.24254604792915418, 0.2410747248099554, 0.15947345581191036, 0.13054827303319275, 0.12814101952945553, 0.11995683004211624, 0.1065648847922373]",B7
"[7, 17, 10, 26, 32, 13, 1, 20, 37, 1031]","[1.0, 0.5935445029720278, 0.3286117055436629, 0.3042124481737491, 0.2122010852461408, 0.19148512371464504, 0.1584226137169734, 0.14637988908916183, 0.12568144915817372, 0.12452475561028789]",B7
"[10, 18, 23, 3, 13, 35, 49, 26, 16, 21]","[1.0, 0.8644442028636602, 0.4633553777888788, 0.4170414355766742, 0.41523273633622426, 0.2572458467749216, 0.1771474724046199, 0.17369061125121124, 0.1534892329915634, 0.13701716313398654]",B7
"[12, 18, 24, 21, 53, 7, 44, 10, 14, 42]","[1.0, 0.7050897641428199, 0.44504244714508384, 0.32635076580058175, 0.24178440713057706, 0.22178245613882172, 0.18427129840535114, 0.18217334670699684, 0.16154987119168915, 0.13339352961864795]",B7
"[15, 4, 24, 8, 10, 18, 13, 26, 35, 43]","[1.0, 0.4205586000283388, 0.34673764275325375, 0.3268404204075509, 0.217066493566119, 0.17842820198100745, 0.12242159423833213, 0.11427517560681853, 0.11000009897744148, 0.08777361564854187]",B7
"[19, 6, 14, 41, 23, 1, 4, 26, 31, 8]","[1.0, 0.4705081074201586, 0.34384074327287484, 0.2167053441449226, 0.18866966954969655, 0.16580933870292883, 0.16515088892452617, 0.14225031002424493, 0.13895290161354562, 0.13764253617782155]",B7
"[9, 15, 3, 21, 5, 31, 52, 26, 73, 11]","[1.0, 0.8452773037211889, 0.5271005174864373, 0.387131600530401, 0.3653861578009508, 0.31267286422093077, 0.2595711042752352, 0.22868007559540166, 0.14583522100859964, 0.1358786467534914]",B7
"[8, 8, 4, 4, 15, 15, 1, 12, 12, 41]","[1.0, 1.0, 0.4398089270735541, 0.4398089270735541, 0.3315103833949415, 0.3315103833949415, 0.32219052894793093, 0.15399991792583995, 0.15399991792583995, 0.15141287414593352]",B7
"[1010, 3, 2015, 2015, 8, 19, 10, 1004, 15, 30]","[1.0, 0.11560092959644591, 0.07189618935115856, 0.07189618935115856, 0.060496125201344106, 0.0563647467143861, 0.03658458783709527, 0.03576218249796574, 0.023174227315970655, 0.017041518931063995]",B7
"[1007, 2014, 2014, 1005, 2557, 2557, 9, 13, 18, 2016]","[1.0, 0.6598987888710933, 0.6598987888710933, 0.197432930572697, 0.09065242140113652, 0.09065242140113652, 0.032226270421386316, 0.024142692852642197, 0.020826154228067828, 0.008816269104875988]",B7
"[1008, 15, 13, 3, 2185, 2185, 9, 21, 35, 26]","[1.0, 0.04992210064089179, 0.03713505494494824, 0.02903057912069375, 0.027221798700583926, 0.027221798700583926, 0.01773760757388991, 0.009939740379761463, 0.006434870553232222, 0.006244578586684974]",B7
"[2015, 2015, 1008, 8, 16, 13, 19, 6, 4, 51]","[1.0, 1.0, 0.5225902867460507, 0.12167525342713816, 0.059531970897955366, 0.04136540493277634, 0.030226044881191693, 0.01599673784226328, 0.014643127504085938, 0.011960127183922998]",B7
"[1007, 2015, 2015, 1749, 1749, 3, 8, 6, 15, 11]","[1.0, 0.30561086216376526, 0.30561086216376526, 0.071514533229716, 0.071514533229716, 0.028379071245971256, 0.027651557718714217, 0.024408168511315862, 0.015123558252898135, 0.012769424210907753]",B7
"[1008, 2014, 2014, 2424, 2424, 6, 29, 10, 14, 17]","[1.0, 0.06900101505975945, 0.06900101505975945, 0.04250124143158949, 0.04250124143158949, 0.013370308435591975, 0.009810336421325973, 0.00770910366875359, 0.006793289206210695, 0.0025680901696637196]",B7
"[1007, 2014, 2014, 2495, 2495, 6, 3, 19, 14, 10]","[1.0, 0.3693579491036929, 0.3693579491036929, 0.08160055950277553, 0.08160055950277553, 0.015498160320686993, 0.014751975599537438, 0.008458313381706311, 0.007600839684204715, 0.006707025295557113]",B7
"[1008, 15, 21, 6, 2, 12, 2022, 2022, 24, 29]","[1.0, 0.04705501241938474, 0.015798806498565986, 0.013480130047299402, 0.009141174441499698, 0.008696522009538191, 0.005057555190436738, 0.005057555190436738, 0.004198339720745906, 0.0039752776097388524]",B7
"[2015, 2015, 1008, 19, 3, 7, 13, 5, 29, 17]","[1.0, 1.0, 0.7140421423678436, 0.059696310585763156, 0.04962829664392987, 0.033963334325349606, 0.025554940536915274, 0.02453775696086242, 0.019149397606271046, 0.018139746689523513]",B7
"[1007, 2015, 2015, 1488, 3, 9, 15, 21, 30, 17]","[1.0, 0.3142137041428288, 0.3142137041428288, 0.14116934705949216, 0.023349969812637594, 0.01812078578453342, 0.007820943821935352, 0.005484721834177349, 0.004387517484117628, 0.004277666495677328]",B7
"[1008, 2014, 2014, 2402, 2402, 4, 11, 19, 6, 30]","[1.0, 0.03927982456633287, 0.03927982456633287, 0.024041133967476598, 0.024041133967476598, 0.016742162484871075, 0.01148347298647152, 0.00887960585056183, 0.007515641887081423, 0.004147709348839057]",B7
"[1007, 2014, 2014, 2505, 2505, 5, 12, 23, 17, 21]","[1.0, 0.35983639404390116, 0.35983639404390116, 0.0776776737817193, 0.0776776737817193, 0.01569487467167027, 0.011964082211051788, 0.0031850576455813417, 0.0030106827119194676, 0.002288227153838309]",B7
"[1008, 2014, 2014, 2369, 2369, 6, 4, 14, 46, 17]","[1.0, 0.06597378083057108, 0.06597378083057108, 0.03893178546714357, 0.03893178546714357, 0.019145147231152647, 0.01868447558742073, 0.012420050612330646, 0.010417296076160227, 0.00760698367518653]",B7
"[2015, 2015, 1007, 1507, 4, 11, 19, 17, 14, 23]","[1.0, 1.0, 0.6866149249496882, 0.13290868083573648, 0.08323756403137461, 0.05690231478995791, 0.05279480030181587, 0.05000197005320922, 0.04563225610458127, 0.022771233081299837]",B7
"[1007, 2015, 2015, 1749, 1749, 15, 11, 7, 3, 13]","[1.0, 0.375917193704793, 0.375917193704793, 0.23325518583448723, 0.23325518583448723, 0.03143955549945159, 0.024587763995796392, 0.011081874017836746, 0.010442146747132735, 0.009471810413396701]",B7
"[1008, 16, 14, 18, 32, 9, 2015, 2015, 26, 24]","[1.0, 0.015299030385024304, 0.01403239704785089, 0.008470412133692139, 0.008184263935029428, 0.007422918946153268, 0.004428737493424895, 0.004428737493424895, 0.0022831339654792197, 0.002125339842310447]",B7
"[1007, 2014, 2014, 2498, 2498, 5, 15, 2, 12, 8]","[1.0, 0.34357191279730426, 0.34357191279730426, 0.06931695337997398, 0.06931695337997398, 0.012834338572849973, 0.011624781380443155, 0.010600466726251366, 0.009348174986399805, 0.009209428481491292]",B7
"[1008, 2014, 2014, 2279, 2279, 12, 2, 25, 7, 5]","[1.0, 0.0948629040042039, 0.0948629040042039, 0.058402618596938204, 0.058402618596938204, 0.030655575763401378, 0.020741137609900807, 0.011061980181566433, 0.009590910494600431, 0.004290271919480736]",B7
"[1007, 2015, 2015, 1834, 1834, 11, 2, 20, 15, 9]","[1.0, 0.34270388344669794, 0.34270388344669794, 0.1991835378874414, 0.1991835378874414, 0.05493640072323537, 0.041192601150775464, 0.03073941786385651, 0.025064956093221742, 0.015506513329652648]",B7
"[1007, 2015, 2015, 1405, 7, 19, 12, 17, 5, 25]","[1.0, 0.5494081006744415, 0.5494081006744415, 0.24488618877867915, 0.04425496984450278, 0.034210085783597, 0.03264876708241338, 0.018031358913583508, 0.017492878357898523, 0.014996868551861975]",B7
"[1008, 2015, 2015, 29, 16, 18, 6, 24, 48, 8]","[1.0, 0.051353149177623146, 0.051353149177623146, 0.013152405422925511, 0.011839452724531708, 0.0034743810255604022, 0.003334042381183129, 0.0030055637810271693, 0.0027642807601089463, 0.0026334112137397776]",B7
"[1007, 2014, 2014, 2421, 2421, 4, 9, 6, 13, 11]","[1.0, 0.3468603520133994, 0.3468603520133994, 0.06680109365076835, 0.06680109365076835, 0.010349237486008623, 0.00901503786379284, 0.00854896798978562, 0.005357718890919904, 0.004571606930839236]",B7
"[1008, 2014, 2014, 2391, 2391, 19, 4, 12, 7, 14]","[1.0, 0.09797358126624932, 0.09797358126624932, 0.06484302890594784, 0.06484302890594784, 0.01748360764442078, 0.013034789499469977, 0.01055959686635055, 0.009058745668895894, 0.007332508416930778]",B7
"[1007, 2015, 2015, 1772, 1772, 3, 15, 8, 5, 29]","[1.0, 0.32728291711902796, 0.32728291711902796, 0.13984313191307068, 0.13984313191307068, 0.06172414536654822, 0.052482661924877806, 0.04831012864017802, 0.030105206054834042, 0.01173791590608749]",B7
"[1007, 2015, 2015, 1412, 8, 16, 2, 4, 20, 39]","[1.0, 0.585541144821767, 0.585541144821767, 0.2600947550770353, 0.039480886593695294, 0.02914720465904254, 0.025626402744460198, 0.014562872268154283, 0.0098588357279707, 0.008336879482604231]",B7
"[1008, 2015, 2015, 12, 19, 10, 4, 8, 14, 38]","[1.0, 0.04746332697746666, 0.04746332697746666, 0.020027263960698233, 0.01105049419758502, 0.0066970414200702, 0.0049995409210666615, 0.0031474844940739756, 0.002720424064577618, 0.0026203076021961078]",B7
"[1007, 2014, 2014, 2235, 2235, 12, 18, 1, 20, 7]","[1.0, 0.3657379917650426, 0.3657379917650426, 0.07465334032762985, 0.07465334032762985, 0.02405289635412359, 0.007839094877343588, 0.0073715615206862714, 0.005484755023878364, 0.004676392076595672]",B7
"[1008, 2014, 2014, 2482, 2482, 15, 11, 7, 19, 2]","[1.0, 0.09682487581006535, 0.09682487581006535, 0.06770997944362055, 0.06770997944362055, 0.031126064312579006, 0.019060614251171983, 0.01225642554365922, 0.01047101587300517, 0.0052798855773726824]",B7
"[1007, 2015, 2015, 1300, 13, 5, 31, 20, 8, 10]","[1.0, 0.48284745625192677, 0.48284745625192677, 0.2473930224453556, 0.05931821952465214, 0.05684078939134937, 0.02335791279108373, 0.019343048227825177, 0.01749654987246225, 0.01220065273915776]",B7
"[1007, 2015, 2015, 1513, 9, 16, 11, 4, 22, 1]","[1.0, 0.476049721526573, 0.476049721526573, 0.25451071706773803, 0.042333164050408954, 0.020055295863169367, 0.014068813904475678, 0.012222592449600491, 0.010532955534534712, 0.008331154206171764]",B7
"[1008, 19, 5, 2015, 2015, 12, 3, 15, 25, 30]","[1.0, 0.022988761591520922, 0.01629749126218503, 0.014406364260942307, 0.014406364260942307, 0.007275614212498648, 0.006522677490543744, 0.005535823802100621, 0.004058898387743051, 0.003012655445216334]",B7
"[1007, 2014, 2014, 2525, 2525, 7, 13, 17, 30, 4]","[1.0, 0.38097215166390086, 0.38097215166390086, 0.0853907820088316, 0.0853907820088316, 0.017957232084212488, 0.009047525713505429, 0.005809420696562098, 0.004664015304607616, 0.003084563297647885]",B7
"[1008, 2014, 2014, 2389, 2389, 15, 6, 11, 21, 18]","[1.0, 0.09419270074792079, 0.09419270074792079, 0.06682185723462532, 0.06682185723462532, 0.036496750664709025, 0.01675380696584801, 0.010465644473659306, 0.009255017588171937, 0.006002722241010739]",B7
"[2015, 2015, 1007, 1327, 14, 3, 9, 19, 6, 16]","[1.0, 1.0, 0.8261941576199372, 0.19158277095978624, 0.16227804865562587, 0.09751940180277033, 0.07326941984146704, 0.05303658718400541, 0.04989079333019036, 0.04762888407802283]",B7
"[1007, 2015, 2015, 1664, 1664, 14, 11, 30, 6, 16]","[1.0, 0.42341241922817674, 0.42341241922817674, 0.245507255604326, 0.245507255604326, 0.04322842918637658, 0.020302122640537854, 0.00896694445969738, 0.008605839095258054, 0.006234818158765957]",B7
"[1008, 14, 6, 3, 30, 17, 24, 11, 2014, 2014]","[1.0, 0.03731007731708832, 0.02510594707330255, 0.009870916888503601, 0.007336958727999433, 0.006200710124096218, 0.002977055138070338, 0.0029438319419248676, 0.0027868068573903915, 0.0027868068573903915]",B7
"[1007, 2014, 2014, 2589, 2589, 6, 14, 19, 11, 22]","[1.0, 0.38756631978226724, 0.38756631978226724, 0.09175910335720242, 0.09175910335720242, 0.029000438227147398, 0.02720266624487655, 0.00683364399549939, 0.006327179368546804, 0.0047213902929150965]",B7
"[1008, 2014, 2014, 2398, 2398, 6, 3, 14, 22, 33]","[1.0, 0.09729123842259368, 0.09729123842259368, 0.06699579117299871, 0.06699579117299871, 0.031516882803463014, 0.025891524453713382, 0.015593090151920334, 0.009458289069603418, 0.005483228925322976]",B7
"[2015, 2015, 6, 15, 12, 9, 1005, 4, 29, 22]","[1.0, 1.0, 0.19384537458578588, 0.1707452510168804, 0.05972059021089252, 0.053266833281042134, 0.04738087102911247, 0.034313643704100415, 0.03193614332225395, 0.02638313057893551]",B7
"[1007, 2015, 2015, 1555, 6, 3, 12, 19, 16, 9]","[1.0, 0.3811825406012937, 0.3811825406012937, 0.2067783352701079, 0.041990854718114506, 0.030025465466713384, 0.02292305863376044, 0.013675389872429358, 0.013019987216562908, 0.006688385198450611]",B7
"[1008, 6, 2014, 2014, 20, 9, 2514, 2514, 17, 11]","[1.0, 0.01913779789520376, 0.011065834407388734, 0.011065834407388734, 0.009999355470665057, 0.009558601318229344, 0.007373284991128942, 0.007373284991128942, 0.006516804148859265, 0.005615042783976061]",B7
"[1007, 2014, 2014, 2631, 2631, 15, 7, 5, 20, 2]","[1.0, 0.3878282774998133, 0.3878282774998133, 0.0935582341415203, 0.0935582341415203, 0.02146144153895192, 0.018854313006328293, 0.016258358782669274, 0.010012993772694531, 0.009337264766612792]",B7
"[1008, 2014, 2014, 2462, 2462, 19, 7, 15, 3, 81]","[1.0, 0.09653424875778394, 0.09653424875778394, 0.06668735320175771, 0.06668735320175771, 0.02059384188397817, 0.01747957619112475, 0.014181332061811266, 0.005972883571667769, 0.005509178842914918]",B7
"[2015, 2015, 1008, 9, 5, 16, 25, 11, 198, 29]","[1.0, 1.0, 0.14148635568117685, 0.0992914101428087, 0.08357044744870218, 0.05758599432360909, 0.04909746827616894, 0.0474545658532704, 0.02306813257780512, 0.017753329318001013]",B7
"[1007, 2015, 2015, 1447, 6, 16, 14, 19, 10, 4]","[1.0, 0.38870386357923764, 0.38870386357923764, 0.19828288636183494, 0.026480425135950888, 0.01846490187966841, 0.014542963574802606, 0.01404139343403455, 0.013374126060873352, 0.010766925657710027]",B7
"[1008, 2337, 2337, 2014, 2014, 16, 6, 3, 11, 20]","[1.0, 0.02131179917228669, 0.02131179917228669, 0.018498720261037438, 0.018498720261037438, 0.017129599120839414, 0.01602745856947554, 0.01153687250493967, 0.010151266968112803, 0.009915219693167774]",B7
"[1007, 2014, 2014, 2602, 2602, 6, 14, 16, 8, 31]","[1.0, 0.49006015205146813, 0.49006015205146813, 0.12346682207273013, 0.12346682207273013, 0.023191694417696276, 0.017152116068939596, 0.011135835809674356, 0.006334019191164702, 0.004354460562561533]",B7
"[2015, 2015, 1005, 14, 2017, 2017, 19, 4, 995, 1688]","[1.0, 1.0, 0.1431033268984797, 0.08665026846168625, 0.03471345211217059, 0.03471345211217059, 0.024449487968533527, 0.022636853334445838, 0.012415494027638915, 0.011176544364057732]",B7
"[1009, 14, 17, 1004, 8, 2019, 2019, 999, 11, 4]","[1.0, 0.09918460793620427, 0.0741570986720486, 0.048917585702502764, 0.04755679773058265, 0.042585403045342744, 0.042585403045342744, 0.026318490249054107, 0.025219482730396245, 0.016981214109086644]",B7
"[1009, 8, 17, 5, 3, 23, 15, 11, 1, 92]","[1.0, 0.3948969091837625, 0.2993811620453121, 0.21408937547652657, 0.18258969468291503, 0.13786524307346298, 0.08722953354194958, 0.06948009693024855, 0.055193405972564176, 0.0500627816080899]",B7
"[1008, 16, 8, 22, 6, 4, 26, 24, 12, 51]","[1.0, 0.5737455165484936, 0.3909954688680973, 0.35261234234904876, 0.3193915492406727, 0.20471750995311291, 0.18357426649619454, 0.1304332762436433, 0.10518073506360646, 0.10073922613222602]",B7
"[3, 14, 6, 20, 11, 1010, 38, 26, 65, 29]","[1.0, 0.6000333316557003, 0.48140682792638223, 0.36823125538889395, 0.3543607660494484, 0.17288953509573207, 0.1611919095693496, 0.13548982013262142, 0.09650210116006819, 0.0881673093156553]",B7
"[6, 15, 10, 20, 38, 25, 1009, 1, 75, 3]","[1.0, 0.509963990314575, 0.3068471046444185, 0.22521075408164457, 0.19213347036564396, 0.1603437644989727, 0.10466427848841844, 0.06584982284465989, 0.06185763392840731, 0.05627757523504733]",B7
"[6, 11, 14, 19, 21, 25, 29, 44, 1007, 67]","[1.0, 0.5992775542833132, 0.5864313580044709, 0.4381959056959896, 0.1846060136619347, 0.14711059131818263, 0.09694959710668605, 0.0812202353070331, 0.07874680228431805, 0.07355840368493653]",B7
"[18, 26, 8, 2, 23, 14, 6, 44, 31, 59]","[1.0, 0.606095144797881, 0.37312799761395954, 0.2855160049201325, 0.2236419200208764, 0.1879983470443627, 0.18435764527488815, 0.11253215136436984, 0.10334552977500752, 0.10207764541045863]",B7
"[14, 3, 10, 16, 27, 76, 41, 19, 51, 98]","[1.0, 0.6942871291360069, 0.47377604937061285, 0.4695223010422088, 0.259879643243427, 0.17326558602354877, 0.12405167950286508, 0.10261654801794104, 0.0827781193600186, 0.07974822467210363]",B7
"[7, 14, 11, 4, 19, 2, 35, 23, 16, 84]","[1.0, 0.8275630719797386, 0.4833169360644527, 0.46715133669897485, 0.44509963418082754, 0.20274987550656434, 0.13602145737310964, 0.1359488491117027, 0.1209350992060586, 0.08051695687907913]",B7
"[13, 2, 38, 6, 15, 9, 21, 27, 121, 102]","[1.0, 0.6031382965414973, 0.6028518472363098, 0.32182313901676146, 0.2969213913882316, 0.23354338849664036, 0.16561981892263247, 0.1499610623588187, 0.1126666827603721, 0.0714443216011553]",B7
"[15, 4, 12, 19, 2, 17, 51, 25, 30, 38]","[1.0, 0.9639829189687852, 0.7316452463774434, 0.6659723047833079, 0.5853581321290416, 0.306472080288394, 0.227117231592104, 0.19529300753757015, 0.14958172136947942, 0.14859585804593986]",B7
"[14, 20, 4, 6, 8, 11, 29, 49, 25, 37]","[1.0, 0.8440780903353797, 0.6454395121217448, 0.5510638444687146, 0.2363247746279382, 0.1900229618461068, 0.16841346256615844, 0.11253184058360101, 0.09901464269131696, 0.08063752031099616]",B7
"[13, 10, 17, 6, 3, 31, 21, 26, 73, 41]","[1.0, 0.8613984701453942, 0.5551453473251479, 0.4778580714410039, 0.35893792179919, 0.3202465047814029, 0.2890586982977379, 0.2740094742974639, 0.2685159099286519, 0.16820330355133903]",B7
"[16, 2, 29, 11, 13, 8, 5, 20, 38, 35]","[1.0, 0.9336599473917834, 0.7279808486107128, 0.6946533343918937, 0.5971525650852291, 0.5955639127827241, 0.34513161637771667, 0.25877886785291065, 0.252757282280977, 0.20138598529592594]",B7
"[7, 12, 16, 43, 5, 2, 14, 22, 31, 35]","[1.0, 0.8949248002478715, 0.49330550724224087, 0.42541481786489066, 0.39404168155135766, 0.35649047030485037, 0.2886916585936859, 0.20536674434734217, 0.0822928891860448, 0.07666562240261081]",B7
"[9, 29, 16, 12, 2, 51, 20, 14, 38, 202]","[1.0, 0.3433355687693668, 0.3020367940067965, 0.22819617706440257, 0.20660835153776033, 0.12450305067045885, 0.11573419901265782, 0.07662013585610802, 0.053690636705722626, 0.052988607755969454]",B7
"[15, 19, 11, 8, 2, 23, 13, 31, 46, 78]","[1.0, 0.7337813073964602, 0.6361443350908321, 0.4602922642211667, 0.3365332028081882, 0.24797372739899345, 0.18286876446206968, 0.15344773879819432, 0.14603889593126687, 0.14259313774486282]",B7
"[30, 6, 16, 10, 14, 2, 21, 39, 128, 37]","[1.0, 0.9733186516649156, 0.6957190174751299, 0.6280664703108553, 0.3766399130111545, 0.30784090243985057, 0.1641842107158279, 0.13541088696329526, 0.11003235450268574, 0.1071821075205462]",B7
"[20, 6, 15, 26, 13, 32, 2, 45, 22, 35]","[1.0, 0.9196102508831552, 0.7655047274329397, 0.3232044389559382, 0.31584011584301797, 0.2639063704402541, 0.2024905298553994, 0.14548311234349448, 0.14176381386863857, 0.12479894452300447]",B7
"[12, 26, 17, 15, 20, 6, 1, 33, 23, 43]","[1.0, 0.7922820827292675, 0.6161969530907767, 0.42711158132600435, 0.3622095097787998, 0.30870709188620044, 0.230521913769518, 0.22368930578573118, 0.18097487360185835, 0.14900248806722563]",B7
"[11, 19, 3, 5, 17, 78, 25, 35, 52, 98]","[1.0, 0.874445848052238, 0.6590319406234731, 0.543630106641365, 0.30503377079466115, 0.2101737593711955, 0.1240534278397281, 0.10729270494601008, 0.09017193640357618, 0.08626785115687653]",B7
"[15, 7, 13, 20, 18, 4, 10, 41, 2, 31]","[1.0, 0.5995531937961933, 0.27482393502793634, 0.2142381801799366, 0.13635405673789322, 0.09957281032486827, 0.07564400202103264, 0.06845991229821152, 0.050227058005810205, 0.047831859972976905]",B7
"[19, 11, 5, 13, 8, 22, 51, 2, 33, 26]","[1.0, 0.3011075155205537, 0.3002541562933995, 0.1705666398988071, 0.0901260099922478, 0.08833137710297735, 0.05398596345295813, 0.04385198996352977, 0.04205057920853453, 0.03427206297020964]",B7
"[9, 9, 6, 6, 16, 16, 2, 2, 98, 98]","[1.0, 1.0, 0.4032063333152319, 0.4032063333152319, 0.1368231165449638, 0.1368231165449638, 0.07705204821516023, 0.07705204821516023, 0.05612094369791384, 0.05612094369791384]",B7
"[1036, 2074, 2074, 1034, 1031, 2071, 2071, 1029, 1039, 2076]","[1.0, 0.6375612845110339, 0.6375612845110339, 0.1693315475891181, 0.11794383515255526, 0.06750030077888503, 0.06750030077888503, 0.0658118842725157, 0.03596848502309094, 0.03415953287846448]",B7
"[2074, 2074, 1036, 1719, 10, 5, 19, 14, 967, 942]","[1.0, 1.0, 0.18114048962327925, 0.06529342824662625, 0.0027861418410232183, 0.001981228054213277, 0.0011137681610855384, 0.0008100146136724562, 0.0006794744303088878, 0.0006525098304291728]",B7
"[1037, 2074, 2074, 2, 15, 7, 21, 13, 951, 999]","[1.0, 0.09234167903693948, 0.09234167903693948, 0.0014756869974082679, 0.0011495585102177391, 0.0009525995808580478, 0.0008728569621141186, 0.000590106854969118, 0.0004935839429842245, 0.00048736228337380915]",B7
"[2073, 2073, 1036, 2184, 2184, 2, 9, 12, 19, 952]","[1.0, 1.0, 0.16707662949659668, 0.0394527904793952, 0.0394527904793952, 0.0015936761278760843, 0.0014670651998649903, 0.0010387919181703085, 0.0007135201327128995, 0.000659387757782797]",B7
"[1037, 2433, 2433, 2073, 2073, 6, 16, 932, 957, 34]","[1.0, 0.1456947199089895, 0.1456947199089895, 0.06328873568321729, 0.06328873568321729, 0.0016095208698498683, 0.0013665207162657932, 0.0007631697384233804, 0.0007140883205479693, 0.000712607642477647]",B7
"[2073, 2073, 2707, 2707, 1036, 13, 6, 932, 961, 978]","[1.0, 1.0, 0.29240184432628247, 0.29240184432628247, 0.15349322373260507, 0.004754878839559966, 0.004267946415321678, 0.002578066340358581, 0.0022083137816320555, 0.0020836293729985618]",B7
"[2074, 2074, 1036, 1930, 1930, 5, 15, 948, 963, 12]","[1.0, 1.0, 0.2146006256738399, 0.04698955410890275, 0.04698955410890275, 0.007138783904057093, 0.003986720920500313, 0.0031690048253376173, 0.0029798977007078147, 0.0027501611028435662]",B7
"[1037, 2074, 2074, 12, 16, 3, 6, 979, 1059, 948]","[1.0, 0.16963665356168753, 0.16963665356168753, 0.002676488284496108, 0.0013233324497119634, 0.0011207639612892822, 0.0008434271689101876, 0.0007833373081482994, 0.0006873581136948441, 0.0006445847960594537]",B7
"[2074, 2074, 1036, 1909, 1909, 7, 2, 5, 975, 20]","[1.0, 1.0, 0.20074589322280267, 0.033728542802310246, 0.033728542802310246, 0.002359869631310238, 0.0018788850140076525, 0.0010860410628414688, 0.0007333081726255028, 0.0006897647521826186]",B7
"[1037, 2227, 2227, 2073, 2073, 19, 4, 11, 9, 2]","[1.0, 0.01757776362024311, 0.01757776362024311, 0.010920302696801507, 0.010920302696801507, 0.004053471926030894, 0.0026722403520089235, 0.0016255620079663198, 0.0009207538166649502, 0.0007849160475285914]",B7
"[2073, 2073, 1036, 2474, 2474, 4, 8, 16, 13, 973]","[1.0, 1.0, 0.1974017688563188, 0.12609923927417283, 0.12609923927417283, 0.002147979420630992, 0.0016665504285104146, 0.001448556423795154, 0.0013685107791832692, 0.0009849656084862668]",B7
"[1037, 2492, 2492, 2073, 2073, 13, 5, 8, 30, 980]","[1.0, 0.37128279317772506, 0.37128279317772506, 0.1975855735030192, 0.1975855735030192, 0.02568764347561311, 0.008448533867189412, 0.007518304985894608, 0.006452137189613715, 0.006037628173713269]",B7
"[1037, 2074, 2074, 7, 19, 12, 5, 30, 9, 982]","[1.0, 0.1277041770265702, 0.1277041770265702, 0.007322833186631393, 0.00554521466810434, 0.0023568251210267493, 0.002036705622925629, 0.0015470852240284656, 0.0015358334945479175, 0.0014015639699783682]",B7
"[2074, 2074, 1036, 1886, 1886, 13, 3, 16, 21, 951]","[1.0, 1.0, 0.24155236280658382, 0.05221987112424684, 0.05221987112424684, 0.0017067070571016234, 0.001574103776353868, 0.0011001906954278941, 0.0007292733372537984, 0.0006551271925065234]",B7
"[1037, 2074, 2074, 13, 4, 16, 10, 2, 29, 958]","[1.0, 0.00384663794196804, 0.00384663794196804, 0.0017859674853292686, 0.0015430880379738083, 0.0015281823769550244, 0.0009252830836480141, 0.0005496733085062364, 0.0004521492320849859, 0.0004107622425778085]",B7
"[2073, 2073, 1036, 2526, 2526, 6, 17, 20, 12, 9]","[1.0, 1.0, 0.25262001171923176, 0.09282877170773038, 0.09282877170773038, 0.0025403171109800358, 0.0011906065191547221, 0.0011618247332764353, 0.001143512937556725, 0.0009352228376153964]",B7
"[1037, 2433, 2433, 2073, 2073, 13, 7, 20, 5, 11]","[1.0, 0.32745588661866776, 0.32745588661866776, 0.21543637364839044, 0.21543637364839044, 0.039371011893805076, 0.02895721378755939, 0.017977118837409985, 0.010896090526351102, 0.007458236720899196]",B7
"[1037, 2074, 2074, 14, 10, 17, 3, 46, 973, 984]","[1.0, 0.1254316675244646, 0.1254316675244646, 0.004380049647068407, 0.0030337463735424096, 0.0016594161204170317, 0.0013384203385022522, 0.0013376532934900403, 0.001038763231748548, 0.0009328714628709205]",B7
"[2074, 2074, 1036, 1896, 1896, 6, 15, 19, 10, 23]","[1.0, 1.0, 0.2540314539792529, 0.03222360131176595, 0.03222360131176595, 0.0032250271115234234, 0.001429761485447908, 0.0010407987787005109, 0.0009658847404063129, 0.0005547376792770297]",B7
"[1037, 1039, 2073, 2073, 2327, 2327, 1042, 3, 6, 18]","[1.0, 0.11668744870461029, 0.03796444460952435, 0.03796444460952435, 0.015229216642330427, 0.015229216642330427, 0.013577479439370469, 0.0061688138434235675, 0.0040728159230616675, 0.002500300825548333]",B7
"[2073, 2073, 1034, 1030, 1041, 2543, 2543, 12, 1026, 1046]","[1.0, 1.0, 0.06785539528468304, 0.04676317648991432, 0.04647552954518018, 0.024292338942511673, 0.024292338942511673, 0.02225426262601243, 0.022119940356702242, 0.021257862759060806]",B7
"[1040, 1036, 12, 2, 6, 18, 20, 9, 32, 22]","[1.0, 0.3662572522610323, 0.19644811568445095, 0.11299367841141207, 0.10070720390702766, 0.07311409235342171, 0.055156073524521454, 0.04928582868941029, 0.033536444507517, 0.032438354271735546]",B7
"[1037, 6, 2076, 2076, 2, 13, 20, 26, 10, 34]","[1.0, 0.36225168722987916, 0.28800747423074824, 0.28800747423074824, 0.10421398881925278, 0.09324429846719605, 0.09139563169872215, 0.057991397644011504, 0.054236557800812844, 0.046997926554680325]",B7
"[19, 6, 1038, 10, 2, 26, 15, 23, 36, 29]","[1.0, 0.9267355523194737, 0.6934718832548734, 0.4242781404790626, 0.3370381644936725, 0.17022509617627085, 0.13475157207164834, 0.12203185679578166, 0.11142040427738437, 0.11040395397094446]",B7
"[6, 1036, 2, 11, 16, 4, 26, 20, 13, 50]","[1.0, 0.6947220240237596, 0.5294920563407693, 0.4944299837882196, 0.38964052053082004, 0.32759379292390156, 0.19669618003383418, 0.19489203980179254, 0.16650177539409486, 0.11955365129971936]",B7
"[6, 13, 4, 9, 15, 1037, 29, 21, 24, 17]","[1.0, 0.5570551472426826, 0.35341077555330686, 0.25156237712853086, 0.21335641218307044, 0.1395970410738605, 0.12433853493506214, 0.0994878124474686, 0.07409216408019476, 0.06676917828213486]",B7
"[14, 5, 7, 19, 38, 2, 9, 23, 853, 47]","[1.0, 0.6903912443543717, 0.5896675757436606, 0.22541208601332757, 0.22192174148518942, 0.20840847876080068, 0.18604754747406888, 0.12089646495088183, 0.10182553469011647, 0.07078980703447997]",B7
"[13, 10, 17, 4, 19, 2, 31, 36, 7, 51]","[1.0, 0.44890122618637884, 0.24757788477176368, 0.21947144351108372, 0.13904142728548358, 0.1380709761268093, 0.11937206171023121, 0.09557400897135747, 0.09455254078147635, 0.06380288212422985]",B7
"[15, 5, 27, 2, 18, 10, 22, 52, 35, 114]","[1.0, 0.9603527328358605, 0.5817025350471716, 0.37365587582646037, 0.30967847380959285, 0.3063236090080914, 0.179054415969738, 0.1474860414174241, 0.0948374048838009, 0.09317581914629797]",B7
"[3, 11, 15, 17, 29, 25, 20, 55, 13, 32]","[1.0, 0.8216868954083053, 0.5774521660505567, 0.4443589464268286, 0.19503288992912218, 0.18446271993709742, 0.1725114594338109, 0.1463661542583111, 0.1287577136794796, 0.11032343746852014]",B7
"[13, 20, 7, 10, 17, 31, 2, 50, 27, 98]","[1.0, 0.7730875831849868, 0.5509026614314004, 0.3136278309839162, 0.30853889676753227, 0.27380708180410146, 0.25188858412735726, 0.08992308692132887, 0.07381117674543662, 0.0659814453097496]",B7
"[6, 6, 8, 8, 1, 10, 10, 25, 25, 15]","[1.0, 1.0, 0.7359269108466183, 0.7359269108466183, 0.6651519874743306, 0.4928851959460728, 0.4928851959460728, 0.264980647940627, 0.264980647940627, 0.12201094115967673]",B7
"[1011, 1009, 1013, 2023, 2023, 1005, 2019, 2019, 2016, 2016]","[1.0, 0.18553583031964585, 0.10046913529138725, 0.09164014443554486, 0.09164014443554486, 0.030621105839878683, 0.025150722660232102, 0.025150722660232102, 0.009833339719513397, 0.009833339719513397]",B7
"[2021, 2021, 2673, 2673, 1010, 12, 6, 29, 1070, 1082]","[1.0, 1.0, 0.15291258688804457, 0.15291258688804457, 0.13620142698654422, 0.001147846963886345, 0.0008212752337981606, 0.0005017453870098996, 0.0004750275797801551, 0.00046514063340459907]",B7
"[1011, 2630, 2630, 2021, 2021, 5, 15, 3, 7, 12]","[1.0, 0.1565231922079454, 0.1565231922079454, 0.05910835644941002, 0.05910835644941002, 0.0035786164008852024, 0.002284212120463891, 0.0017633426018344835, 0.001430056521112533, 0.0012317035913661965]",B7
"[2021, 2021, 1010, 2343, 2343, 12, 14, 6, 1081, 1076]","[1.0, 1.0, 0.1310559546374544, 0.07639734969053592, 0.07639734969053592, 0.0025260843717675244, 0.001701545297695881, 0.001030319186439939, 0.0008900383076364015, 0.0007520607057810599]",B7
"[1011, 2022, 2022, 20, 5, 16, 2, 10, 8, 24]","[1.0, 0.4565907559294598, 0.4565907559294598, 0.00610640973279988, 0.004949607632745554, 0.004368504637715377, 0.004316777220694062, 0.004141850368688277, 0.0030243097909487832, 0.0027197126947076616]",B7
"[2022, 2022, 1011, 13, 2, 9, 15, 27, 1088, 20]","[1.0, 1.0, 0.8421930400593944, 0.008588143631095769, 0.007679912343002695, 0.0076777612372038034, 0.0055411974089895335, 0.0037028467646643493, 0.0029357813334087188, 0.0025968359979375868]",B7
"[2022, 2022, 1010, 1654, 7, 3, 14, 11, 17, 19]","[1.0, 1.0, 0.15308626558571317, 0.06561591974942173, 0.003188165722379861, 0.001590832073418915, 0.0014757428274203295, 0.001264554548195303, 0.0009229545569283396, 0.0006287711063662852]",B7
"[1011, 2176, 2176, 2021, 2021, 15, 5, 8, 25, 1082]","[1.0, 0.04994866961234174, 0.04994866961234174, 0.02292957485254773, 0.02292957485254773, 0.002174366759583903, 0.0014866760186543768, 0.000965779609787165, 0.0009112534156463943, 0.0006002527918025373]",B7
"[2021, 2021, 1010, 2637, 2637, 3, 12, 16, 6, 30]","[1.0, 1.0, 0.17192728617699718, 0.15255299985271092, 0.15255299985271092, 0.001823405520057374, 0.0013489832014699952, 0.0006537772651777376, 0.000473684924763659, 0.00041277400791416496]",B7
"[1011, 2424, 2424, 2021, 2021, 5, 2, 12, 30, 1037]","[1.0, 0.11914986006194768, 0.11914986006194768, 0.0537348940878855, 0.0537348940878855, 0.0036892719632324925, 0.003688254814786541, 0.0010955482194996927, 0.0006492436842692018, 0.0006403122433449948]",B7
"[2022, 2022, 1010, 1864, 1864, 2, 15, 5, 1089, 12]","[1.0, 1.0, 0.17699063978267915, 0.03392081341340737, 0.03392081341340737, 0.005390976339456604, 0.0017459344770405602, 0.0013958621687736028, 0.0007538829976361046, 0.0007382946401933925]",B7
"[2022, 2022, 1011, 15, 4, 19, 1064, 8, 11, 1042]","[1.0, 1.0, 0.36673069875033165, 0.007765080292362368, 0.006637183476236658, 0.006486105790794158, 0.0032806793623547316, 0.0029392354434636335, 0.0026312819995373037, 0.002529420979074494]",B7
"[1011, 2022, 2022, 7, 14, 4, 16, 32, 1064, 1049]","[1.0, 0.34851624078125354, 0.34851624078125354, 0.005430792304743003, 0.003457337713412571, 0.003401144590541059, 0.002552038449502695, 0.001452280018719412, 0.0012006894325537337, 0.001182698358104603]",B7
"[2021, 2021, 1010, 2467, 2467, 11, 15, 3, 8, 1055]","[1.0, 1.0, 0.1909726362052787, 0.0066646066093463035, 0.0066646066093463035, 0.002318468441601927, 0.002074270419936971, 0.00167713272410847, 0.0015077471238688295, 0.0006709443191379207]",B7
"[1011, 2631, 2631, 2021, 2021, 7, 2, 14, 19, 9]","[1.0, 0.10041801908293507, 0.10041801908293507, 0.0483730968729324, 0.0483730968729324, 0.002430765930145269, 0.0018332395905233862, 0.0010877892014809923, 0.001040955807174999, 0.0006950724628037658]",B7
"[2021, 2021, 1010, 2407, 2407, 8, 11, 18, 3, 1050]","[1.0, 1.0, 0.1850517025920736, 0.12093134751685987, 0.12093134751685987, 0.0019654837566713155, 0.0019272394597986307, 0.0010164750886451986, 0.0009538410052111371, 0.0007647496437358753]",B7
"[1011, 2208, 2208, 2021, 2021, 8, 4, 15, 31, 18]","[1.0, 0.019268146128507573, 0.019268146128507573, 0.00656649584202984, 0.00656649584202984, 0.00405687682882128, 0.0023319500601763814, 0.002144708868554276, 0.001024598468975957, 0.0009877721860750699]",B7
"[2022, 2022, 1121, 1010, 6, 8, 19, 1, 1044, 11]","[1.0, 1.0, 0.15142550780945782, 0.10542641821934615, 0.004995449378421698, 0.0033863430234672793, 0.002790294823439402, 0.0022093368963939895, 0.0020233022390996093, 0.0018651642250201088]",B7
"[2022, 2022, 1010, 1478, 3, 6, 14, 1061, 17, 1031]","[1.0, 1.0, 0.1607974543694661, 0.1449245676992821, 0.0075269403535087286, 0.00699229819160221, 0.0024566969136352204, 0.001502302469239992, 0.0014079996713027333, 0.0012808211153700014]",B7
"[1011, 2022, 2022, 15, 2, 9, 4, 13, 21, 37]","[1.0, 0.049726859590186384, 0.049726859590186384, 0.002776561346649997, 0.0017702572726186097, 0.0013270124793993425, 0.0010178998727306688, 0.0009300553238832082, 0.0006208521416569346, 0.0005927851159950099]",B7
"[2021, 2021, 1010, 2676, 2676, 12, 17, 2, 22, 1082]","[1.0, 1.0, 0.20316771265191705, 0.09097446806947355, 0.09097446806947355, 0.001261552288262498, 0.0010396075762046436, 0.0010366546668112032, 0.00047559918390290094, 0.00041401160569828134]",B7
"[1011, 2596, 2596, 2021, 2021, 15, 7, 5, 12, 18]","[1.0, 0.09957285294249923, 0.09957285294249923, 0.05097342878924122, 0.05097342878924122, 0.0032137225488798613, 0.002930640890067087, 0.0015841397977980666, 0.0010953062289227819, 0.0007223992667192154]",B7
"[2021, 2021, 1010, 2379, 2379, 4, 9, 19, 1090, 1094]","[1.0, 1.0, 0.2171781572092212, 0.02159336916408199, 0.02159336916408199, 0.0037078403718869115, 0.0034687034570254475, 0.000982502705285081, 0.000722380462651493, 0.0006938144041959014]",B7
"[1011, 2022, 2022, 13, 3, 7, 9, 17, 30, 1043]","[1.0, 0.7824941811513589, 0.7824941811513589, 0.015063480048681554, 0.008095473087897211, 0.008060171975454902, 0.00770047766330744, 0.005245814127737757, 0.0032015328957003056, 0.003180356424503858]",B7
"[1011, 2022, 2022, 15, 5, 20, 12, 10, 1, 1086]","[1.0, 0.3520544266730245, 0.3520544266730245, 0.006628706758565189, 0.003840665260443325, 0.002830940428154168, 0.0023395757060923734, 0.001996620458562701, 0.001406132415313767, 0.0012538148242915261]",B7
"[2022, 2022, 1010, 1880, 1880, 12, 6, 2, 1049, 9]","[1.0, 1.0, 0.20637417727214097, 0.004416189237005269, 0.004416189237005269, 0.0024102870882849927, 0.002358038281778654, 0.0016780377210427592, 0.0008499738219014438, 0.0007449043662167118]",B7
"[1011, 2510, 2510, 2021, 2021, 5, 11, 25, 18, 2]","[1.0, 0.08305095181082427, 0.08305095181082427, 0.04334917972992972, 0.04334917972992972, 0.0031643385131068487, 0.0014946060843705647, 0.0013991025106929067, 0.0007205518940429679, 0.00044810699020565427]",B7
"[2021, 2021, 1010, 2675, 2675, 6, 8, 4, 15, 19]","[1.0, 1.0, 0.20196376330456345, 0.10196025477863158, 0.10196025477863158, 0.0041419306523661605, 0.00202077659637185, 0.0018900664671502383, 0.0010269140936703526, 0.0007594894619991268]",B7
"[1011, 2022, 2022, 3, 13, 7, 30, 22, 1041, 1091]","[1.0, 0.025165275474713842, 0.025165275474713842, 0.0037259227002683607, 0.0028796462420640407, 0.0018847740373660559, 0.0011420014806202824, 0.0007856671089131687, 0.000597424781367059, 0.0005640907116156268]",B7
"[2022, 2022, 1013, 1010, 7, 5, 10, 19, 2, 14]","[1.0, 1.0, 0.12047796110528093, 0.044695687476443556, 0.014296230069289768, 0.009998200134299801, 0.007251983603333027, 0.006343403548882228, 0.006167844711413129, 0.004383970368647098]",B7
"[2022, 2022, 1010, 1671, 1671, 13, 2, 16, 7, 10]","[1.0, 1.0, 0.18520678401095578, 0.07202597838185053, 0.07202597838185053, 0.002017910052309325, 0.0018643883994702995, 0.0012835650968496968, 0.0012673369048138373, 0.0008925506728092182]",B7
"[1011, 2328, 2328, 2021, 2021, 6, 15, 9, 33, 26]","[1.0, 0.0388696084203465, 0.0388696084203465, 0.02349290187641227, 0.02349290187641227, 0.001789493074742647, 0.0016199177798144324, 0.001380012261903843, 0.0005021623712856987, 0.00037103550461294103]",B7
"[2021, 2021, 1010, 2646, 2646, 6, 13, 4, 15, 19]","[1.0, 1.0, 0.22312118682318882, 0.09922662454228855, 0.09922662454228855, 0.0031100063775022476, 0.0016937886091419273, 0.0014357539121967705, 0.001175463179613849, 0.0011355641791349791]",B7
"[1011, 2196, 2196, 2021, 2021, 6, 22, 10, 3, 17]","[1.0, 0.03604993259829969, 0.03604993259829969, 0.0246907691790799, 0.0246907691790799, 0.0015244586651114507, 0.001408664229313173, 0.0012060549847404014, 0.0009731864761685895, 0.0008394142187131071]",B7
"[2022, 2022, 1010, 1422, 5, 15, 9, 25, 2, 1039]","[1.0, 1.0, 0.2112703975514192, 0.18811245140306995, 0.01443443109312284, 0.005028148071443832, 0.0031516584046651073, 0.002612986606167576, 0.002315895026050352, 0.0021543183477327377]",B7
"[2022, 2022, 1010, 1701, 1701, 5, 2, 14, 7, 17]","[1.0, 1.0, 0.17108834921598046, 0.10280622661124941, 0.10280622661124941, 0.005376751097054772, 0.00430773410915643, 0.00313046716374111, 0.0017167430957008567, 0.0013655701256158306]",B7
"[1011, 2022, 2022, 14, 2, 33, 8, 20, 11, 1082]","[1.0, 0.005330463280256338, 0.005330463280256338, 0.004576868941026357, 0.0017444441466479418, 0.0012345902984875008, 0.0008873087857815388, 0.0005828604022176865, 0.0004515066872058385, 0.0003242685730685036]",B7
"[2021, 2021, 1010, 2478, 2478, 2, 7, 19, 12, 1051]","[1.0, 1.0, 0.20684088828251115, 0.08499978664516993, 0.08499978664516993, 0.001544737967867619, 0.0012271647453980404, 0.0010380673923501328, 0.0006620153609909803, 0.0005349463125806218]",B7
"[1011, 2478, 2478, 2021, 2021, 15, 7, 2, 5, 12]","[1.0, 0.0838810767453125, 0.0838810767453125, 0.040003754593212135, 0.040003754593212135, 0.00233341874828177, 0.0014997800678608084, 0.0010400687721146753, 0.0006631448011328795, 0.0006600748155583111]",B7
"[2023, 2023, 1010, 2006, 2006, 6, 11, 9, 18, 14]","[1.0, 1.0, 0.18766866712524308, 0.005299893692394144, 0.005299893692394144, 0.003063859780294121, 0.002534230678328727, 0.0013433420027582292, 0.0011317350778160596, 0.0009758918930517651]",B7
"[2022, 2022, 1010, 1126, 6, 2, 12, 10, 1008, 17]","[1.0, 1.0, 0.059651063269881996, 0.023164367164502105, 0.021020342830804246, 0.01274365228376708, 0.008635505651412138, 0.008584570334314577, 0.0071143819413123695, 0.006039925595884574]",B7
"[1011, 2022, 2022, 5, 11, 30, 1, 25, 14, 197]","[1.0, 0.2160346212055357, 0.2160346212055357, 0.0063144496606696, 0.0030969677057485663, 0.0020590385618680113, 0.0011110897844099881, 0.0009091777328005157, 0.0008775398330082866, 0.0006324894129175922]",B7
"[2022, 2022, 1010, 15, 7, 2, 12, 21, 9, 24]","[1.0, 1.0, 0.2074065925914065, 0.0024248686950660214, 0.001882780867214814, 0.0014601755852341196, 0.001091534086840525, 0.0008595538888984137, 0.0006941503661964174, 0.0005069776822697966]",B7
"[1011, 2021, 2021, 2581, 2581, 1015, 2023, 2023, 1026, 17]","[1.0, 0.12490129662877054, 0.12490129662877054, 0.03351185229007042, 0.03351185229007042, 0.03300332294153905, 0.00495391763008249, 0.00495391763008249, 0.004951087358443765, 0.003809379362075144]",B7
"[1013, 1009, 1016, 2556, 2556, 2020, 2020, 1007, 1021, 1018]","[1.0, 0.12134468069575016, 0.07424607905980847, 0.057162324610015164, 0.057162324610015164, 0.0502150175414369, 0.0502150175414369, 0.04342178141357886, 0.02532035322949981, 0.021205267799185173]",B7
"[1012, 5, 2, 16, 2023, 2023, 11, 1018, 1006, 22]","[1.0, 0.721270924144169, 0.15272107240146818, 0.10848002522075116, 0.09252191237448511, 0.09252191237448511, 0.06899778663978995, 0.04605617677138411, 0.03968517610628262, 0.034490307031810094]",B7
"[1010, 6, 2020, 2020, 15, 3, 9, 21, 17, 30]","[1.0, 0.5824259128340933, 0.2601666573076766, 0.2601666573076766, 0.2514208779651113, 0.23574056217662065, 0.17536978615706317, 0.08537659443626675, 0.05413861234737639, 0.048608543137387175]",B7
"[6, 1012, 17, 13, 27, 10, 19, 1015, 2, 51]","[1.0, 0.4513360299704492, 0.2993011576935414, 0.29057917353980744, 0.13934404929190974, 0.09046349775605608, 0.08033118547279516, 0.07450842579509617, 0.05488323118808598, 0.05166355238079909]",B7
"[11, 15, 3, 1011, 5, 32, 28, 20, 23, 49]","[1.0, 0.5579691502443853, 0.5343746294934028, 0.26131123793231203, 0.24762532797633033, 0.11681500461358706, 0.09339111875830529, 0.07773729026206924, 0.0626604555985481, 0.04863753144699977]",B7
"[4, 10, 31, 18, 21, 28, 1, 45, 1012, 25]","[1.0, 0.8665141368900682, 0.6622619814041518, 0.2170582028047137, 0.2033097241598208, 0.15744734365494814, 0.13178075208787948, 0.13100517296451447, 0.1308814939268067, 0.10142419762830371]",B7
"[4, 15, 8, 2, 32, 30, 19, 41, 62, 46]","[1.0, 0.4854900026827194, 0.35523116556607437, 0.18240314774241975, 0.14155938763702944, 0.14070393330966388, 0.11116143078734932, 0.0761466428800709, 0.07049610218534086, 0.06375078131571507]",B7
"[5, 13, 17, 2, 62, 26, 31, 9, 22, 20]","[1.0, 0.5391282320514219, 0.2906340917452834, 0.2620515253914647, 0.16696354353099727, 0.11926859941132051, 0.10274913401109238, 0.10003517114460134, 0.09390529614251455, 0.08399061884195]",B7
"[3, 15, 12, 7, 9, 22, 27, 33, 204, 25]","[1.0, 0.9327962885630069, 0.5851675071599051, 0.3328312117428975, 0.25634140935497063, 0.21392118073442315, 0.18286407523898646, 0.1417451922930377, 0.12162563047879157, 0.10816977934385354]",B7
"[14, 22, 12, 4, 8, 6, 17, 37, 51, 32]","[1.0, 0.5183406178771416, 0.2962701149880419, 0.2527359515454848, 0.22756635282293772, 0.13747814996825086, 0.12157915165001937, 0.10182445065348514, 0.05949364306263292, 0.050126886320080284]",B7
"[5, 14, 8, 2, 18, 27, 73, 33, 52, 48]","[1.0, 0.49266259309613014, 0.2973300596908497, 0.2889790102355771, 0.17254458613576448, 0.1090242440457105, 0.062183442876281705, 0.043237204446008405, 0.04242519133537213, 0.03772073450101742]",B7
"[14, 3, 7, 21, 11, 29, 61, 35, 55, 26]","[1.0, 0.9768011991648384, 0.5461013955886717, 0.22207206571248667, 0.18966372643689364, 0.1661941454958652, 0.14772445768730358, 0.11906352078715683, 0.10303215300920836, 0.09643547673328763]",B7
"[4, 14, 8, 6, 11, 33, 19, 25, 42, 108]","[1.0, 0.503096313510092, 0.17232678806849538, 0.14986401450340103, 0.12202082247344538, 0.11400773000176095, 0.056402066841889115, 0.04620908857165005, 0.0435382344404578, 0.041149339971874734]",B7
"[4, 14, 7, 16, 35, 11, 25, 27, 53, 65]","[1.0, 0.37685900811819734, 0.26119243686438615, 0.26077500137224396, 0.18232643500360088, 0.13266757601328974, 0.09667929785534841, 0.06838827666943141, 0.06390380787042443, 0.051322301627321223]",B7
"[5, 13, 19, 8, 15, 26, 2, 32, 22, 76]","[1.0, 0.4142417306958749, 0.3135670429573176, 0.23393128789489903, 0.17665711744145504, 0.13193045952982718, 0.11527231266001274, 0.061275783103980734, 0.05986025129505132, 0.05497530780977912]",B7
"[3, 13, 5, 15, 10, 17, 22, 26, 7, 76]","[1.0, 0.7858985232476874, 0.5668106118002039, 0.5611420845477169, 0.27469084499298085, 0.2741398801694647, 0.2489472416313987, 0.13090234057361164, 0.11503276779184217, 0.0802245203387198]",B7
"[3, 14, 51, 16, 10, 18, 22, 6, 96, 45]","[1.0, 0.9585855230724513, 0.9101702791333153, 0.6093612675794831, 0.5602185022658214, 0.265730993894639, 0.255529769397134, 0.1925587839473054, 0.191753575439239, 0.17406359921787867]",B7
"[7, 19, 11, 14, 21, 1, 56, 17, 43, 24]","[1.0, 0.7369577142377912, 0.3539485913526966, 0.27791789553603596, 0.20297301180285313, 0.16172690867520848, 0.156010890126057, 0.13032439387876318, 0.11899600954503563, 0.10517215890272942]",B7
"[15, 9, 26, 13, 5, 2, 24, 51, 66, 21]","[1.0, 0.5910445394581274, 0.4325833644004349, 0.3933114669901035, 0.3915570101034043, 0.33032564793189145, 0.2527962823805876, 0.16334717380814537, 0.10035427323979787, 0.08623796347287238]",B7
"[6, 6, 1, 11, 11, 4, 4, 32, 32, 24]","[1.0, 1.0, 0.8175356076955091, 0.46117286919810946, 0.46117286919810946, 0.17197741437312203, 0.17197741437312203, 0.11954771932172625, 0.11954771932172625, 0.10148409507939612]",B7
